sample	Observed diversity	Shannon-Wiener diversity	Normalized Shannon-Wiener index	Inverse Simpson index	Gini index	Chao1 estimate	Efron-Thisted estimate	d50
mouse_1_Cd4Cre.clns	278.0	23.42451165461626	0.5604113917773507	6.151169133369184	1.1625707208366534	551.0	543.0	4.0
mouse_1.clns	655.0	93.16019590523085	0.6992406485697601	30.763383342513944	1.0325061775184536	1125.878048780488	1345.0	15.0
mouse_2_Cd4Cre.clns	243.0	25.625271638710775	0.5904865749990397	8.384350025249589	1.1192698297409442	449.10526315789474	459.0	4.0
mouse_2.clns	652.0	61.97642229238965	0.63684037782058	19.128779439762162	1.052277250785868	929.55	1130.0	10.0
mouse_3_Cd4Cre.clns	194.0	37.98395758901541	0.690444539707327	21.001051107645836	1.047616664274291	291.5333333333333	319.0	8.0
mouse_3.clns	291.0	22.47452149741267	0.548599496824558	5.869866396367276	1.1703616287789578	563.5	571.0	3.0
mouse_4_Cd4Cre.clns	151.0	28.361422297677098	0.6667018704840612	17.98487192563672	1.0556022864179833	352.25	280.0	7.0
mouse_4.clns	181.0	18.742318058747454	0.5637752502895795	6.049401828877491	1.1653056001713078	277.1304347826087	293.0	4.0