sample	mouse_1_Cd4Cre.clns	mouse_1.clns	mouse_2_Cd4Cre.clns	mouse_2.clns	mouse_3_Cd4Cre.clns	mouse_3.clns	mouse_4_Cd4Cre.clns	mouse_4.clns
mouse_1_Cd4Cre.clns	1.0	0.0	0.0014425025470053297	9.219055155017361E-4	0.011661824348535448	0.0	0.010136031819859398	0.0
mouse_1.clns	0.0	1.0	0.010796405663505145	0.003094626358789458	0.014407220323179183	0.0031774308893701086	0.0	0.0063013233889898344
mouse_2_Cd4Cre.clns	0.0014425025470053297	0.010796405663505145	1.0	0.008378996143424034	0.03085466654196097	0.003210664090252055	0.0038623026800256826	0.0
mouse_2.clns	9.219055155017361E-4	0.003094626358789458	0.008378996143424034	1.0	0.007979040095151525	0.00197430040577595	0.0	9.570010739331399E-4
mouse_3_Cd4Cre.clns	0.011661824348535448	0.014407220323179183	0.03085466654196097	0.007979040095151525	1.0	5.063973692097652E-4	0.022822472577673607	0.0
mouse_3.clns	0.0	0.0031774308893701086	0.003210664090252055	0.00197430040577595	5.063973692097652E-4	1.0	0.0	0.0
mouse_4_Cd4Cre.clns	0.010136031819859398	0.0	0.0038623026800256826	0.0	0.022822472577673607	0.0	1.0	0.0
mouse_4.clns	0.0	0.0063013233889898344	0.0	9.570010739331399E-4	0.0	0.0	0.0	1.0