sample	Observed diversity	Shannon-Wiener diversity	Normalized Shannon-Wiener index	Inverse Simpson index	Gini index	Chao1 estimate	Efron-Thisted estimate	d50
DNA77_repl1.clns	13000.0	1315.59648012797	0.7581831920729724	92.44960881135637	1.0108167034220827	20835.49409448819	28938.0	389.0
DNA77_repl2.clns	14411.0	1398.5303420968303	0.7564085753225533	99.85164511850641	1.0100148575300205	25844.603833865815	37798.0	413.0
DNA78_repl1.clns	15799.0	2403.446381549838	0.8052233134912927	65.5533319223669	1.0152547547267967	28742.641322314048	38629.0	1182.0
DNA78_repl2.clns	15431.0	2564.9801698045253	0.8139358316986008	71.71688206332863	1.0139437182882123	26349.890020366598	37205.0	1249.0
DNA80_repl1.clns	15532.0	3654.5445920394823	0.8500691899554603	286.3539835318764	1.0034921812075601	24451.64480874317	35375.0	1285.0
DNA80_repl2.clns	19071.0	3645.4563257086697	0.832112414422735	248.62022117251664	1.00402219897997	34196.307443365695	57976.0	1271.0
DNA82_repl1.clns	20200.0	5798.1828396277815	0.8740963473883884	596.6115908920121	1.0016761323703163	35097.22995283019	52250.0	1994.0
DNA82_repl2.clns	21031.0	5948.64362352753	0.8731298303697742	547.3504646699732	1.0018269830109725	35291.26147278548	48379.0	2046.0