sample	Observed diversity	Shannon-Wiener diversity	Normalized Shannon-Wiener index	Inverse Simpson index	Gini index	Chao1 estimate	Efron-Thisted estimate	d50
P23-T0-DPOS.clns	28.0	27.999999999999996	1.0	28.0	1.0357142857142858	406.0	56.0	1.0
P5-M1-DNEG.clns	1132.0	1132.0000000000002	1.0	1132.0	1.0008833922261484	641278.0	23772.0	226.0
P5-M1-DPOS.clns	286.0	285.99999999999994	1.0	286.0	1.0034965034965035	41041.0	2002.0	40.0
P5-M1-PD1.clns	683.0	683.0	1.0	683.0	1.0014641288433381	233586.0	14343.0	113.0
P5-M1-TIGIT.clns	283.0	283.0	1.0	283.0	1.0035335689045937	40186.0	1981.0	1.0
P5-T0-DNEG.clns	1129.0	1128.9999999999998	1.0	1129.0	1.0008857395925599	637885.0	23709.0	287.0
P5-T0-DPOS.clns	540.0	540.0000000000002	1.0	540.0	1.0018518518518518	146070.0	11340.0	35.0
P5-T0-PD1.clns	315.0	315.0	1.0	315.0	1.0031746031746032	49770.0	2835.0	45.0
P5-T0-TIGIT.clns	212.0	211.99999999999997	1.0	212.0	1.0047169811320755	22578.0	848.0	1.0