sample	T0,DPOS	M1,DNEG	M1,DPOS	M1,PD1	M1,TIGIT	T0,DNEG	T0,PD1	T0,TIGIT
T0,DPOS	1.0	0.01299331503493284	0.28607538324946075	0.1252351956108525	0.19397870857938337	0.016646487325061556	0.12142458784531335	0.1747455083501866
M1,DNEG	0.01299331503493284	1.0	0.013942954072334373	0.04373902243189469	0.022025323902889964	0.028719971292807487	0.047840018864403415	0.022462897916243205
M1,DPOS	0.28607538324946075	0.013942954072334373	1.0	0.11424366698085486	0.17568209223157663	0.016124523558860893	0.09316322481088896	0.14025825901864397
M1,PD1	0.1252351956108525	0.04373902243189469	0.11424366698085486	1.0	0.08807435607815456	0.03838682086473439	0.18892638243615428	0.06695094382303451
M1,TIGIT	0.19397870857938337	0.022025323902889964	0.17568209223157663	0.08807435607815456	1.0	0.021613278336872772	0.06101884970725289	0.26177366997703294
T0,DNEG	0.016646487325061556	0.028719971292807487	0.016124523558860893	0.03838682086473439	0.021613278336872772	1.0	0.03754427836760572	0.02715686137088731
T0,PD1	0.12142458784531335	0.047840018864403415	0.09316322481088896	0.18892638243615428	0.06101884970725289	0.03754427836760572	1.0	0.07411567703948486
T0,TIGIT	0.1747455083501866	0.022462897916243205	0.14025825901864397	0.06695094382303451	0.26177366997703294	0.02715686137088731	0.07411567703948486	1.0