sample	Observed diversity	Shannon-Wiener diversity	Normalized Shannon-Wiener index	Inverse Simpson index	Gini index	Chao1 estimate	Efron-Thisted estimate	d50
DNA77_repl1.clns	39404.0	3680.507744387879	0.775949615288254	266.30899303546636	1.0037550365408308	76900.69162326389	124417.0	1026.0
DNA77_repl2.clns	34312.0	3380.619148274908	0.7780924348305569	213.210107552447	1.0046902091625933	69563.92405814299	120304.0	998.0
DNA78_repl1.clns	49212.0	10190.371340393354	0.854247516080795	1565.5848009573983	1.000638738955174	99320.69316909295	165575.0	2470.0
DNA78_repl2.clns	50244.0	10670.966406528714	0.8568669641678066	1637.868260844342	1.0006105497150817	103698.40922026182	183410.0	2624.0
DNA80_repl1.clns	47024.0	9224.88584223267	0.8486065523035892	1187.0301845326667	1.0008424385605608	90067.66728509586	148296.0	2264.0
DNA80_repl2.clns	49573.0	9730.303299243791	0.8493968272727377	1076.806663822659	1.000928671816025	96830.10935601458	164014.0	2409.0
DNA82_repl1.clns	45459.0	9302.764953655074	0.8520686857406594	1206.0422101205177	1.0008291583757256	86998.07675194662	148225.0	2331.0
DNA82_repl2.clns	50598.0	10097.10769943678	0.8512082226629298	1320.373423734597	1.000757361502454	99585.30466970388	169610.0	2493.0