sample	Blood,4T1	BM,4T1	DLN,4T1	Tumor,4T1	Blood,control	BM,control	LN,control
Blood,4T1	1.0	0.12371122530185888	0.1341511180763461	0.35700379371036817	0.04774487409278898	0.05762994387102162	0.10674749783338541
BM,4T1	0.12371122530185888	1.0	0.04611592142441886	0.11539776203806631	0.0728694283368386	0.02954040101453053	0.04699598932561351
DLN,4T1	0.1341511180763461	0.04611592142441886	1.0	0.1344844702076427	0.018990239049198998	0.0232703035857412	0.0300021105841751
Tumor,4T1	0.35700379371036817	0.11539776203806631	0.1344844702076427	1.0	0.05263975597533404	0.07535266795866727	0.12877640337206414
Blood,control	0.04774487409278898	0.0728694283368386	0.018990239049198998	0.05263975597533404	1.0	0.05923634890325086	0.10379760969862516
BM,control	0.05762994387102162	0.02954040101453053	0.0232703035857412	0.07535266795866727	0.05923634890325086	1.0	0.27024152790802214
LN,control	0.10674749783338541	0.04699598932561351	0.0300021105841751	0.12877640337206414	0.10379760969862516	0.27024152790802214	1.0